crop,source_city,destination_city,market_price_per_kg,demand_index,supply_index,population,distance_km,travel_time_hr,transport_cost_per_kg,max_transport_hours,spoilage_rate_per_hour
Tomato,Nashik,Mumbai,28,0.95,0.3,12442373,170,4,4.8,4.5,0.04
Tomato,Nashik,Pune,27,0.82,0.45,7425737,210,4.7,4.7,4.5,0.04
Tomato,Nashik,Nagpur,30,0.58,0.7,2405421,690,12.5,6.5,6,0.04
Tomato,Nashik,Aurangabad,29,0.73,0.48,1175116,185,3.8,3.3,4.5,0.04
Tomato,Nashik,Solapur,26,0.55,0.6,951118,385,7,6.1,6,0.04
Tomato,Nashik,Kolhapur,27,0.6,0.52,561841,450,8.5,6.2,6,0.04
Onion,Nashik,Mumbai,35,0.93,0.35,12442373,170,4,2.4,48,0.005
Onion,Nashik,Pune,34,0.84,0.4,7425737,210,4.7,2.6,48,0.005
Onion,Nashik,Nagpur,36,0.6,0.68,2405421,690,12.5,5.9,48,0.005
Onion,Nashik,Aurangabad,35,0.76,0.42,1175116,185,3.8,2.8,48,0.005
Grapes,Nashik,Mumbai,72,0.96,0.22,12442373,170,4,3.2,3,0.025
Grapes,Nashik,Pune,70,0.85,0.35,7425737,210,4.7,3.5,3,0.025
Grapes,Nashik,Nagpur,74,0.52,0.65,2405421,690,12.5,7,6.5,0.025
Grapes,Nashik,Aurangabad,71,0.72,0.45,1175116,185,3.8,3.4,3,0.025
Pomegranate,Nashik,Mumbai,95,0.94,0.2,12442373,170,4,3.8,4,0.015
Pomegranate,Nashik,Pune,92,0.83,0.32,7425737,210,4.7,4.2,4,0.015
Pomegranate,Nashik,Nagpur,98,0.56,0.6,2405421,690,12.5,7.8,4,0.015
Pomegranate,Nashik,Aurangabad,94,0.75,0.38,1175116,185,3.8,4.1,4,0.015
